{"acc":0.8536773340706978,"loss":0.1858048296514468,"_timestamp":1.776155708686641e+09,"_wandb":{"runtime":0},"_runtime":0,"_step":7}