{"_wandb":{"runtime":0},"_runtime":0,"_step":7,"acc":0.8110754482546847,"loss":0.20396395474609258,"_timestamp":1.776155726796329e+09}