{"_timestamp":1.776155668437858e+09,"_step":7,"acc":0.8235485128611612,"loss":0.10707885298145028,"_wandb":{"runtime":0},"_runtime":0}